shortCode,date,dur_s,plays,likes,comments,note
DZcwJrJzLLh,2026-06-11,45.2,123132,2424,1293,pinned
DZU16X2zJbC,2026-06-08,24.2,759630,18425,321,pinned
Dd6jbautjIu,2026-09-30,27.8,15481,245,217,
Dc63bzKtTbV,2026-09-05,17.1,78494,965,126,
Dd7qii0MYdW,2026-10-01,35.9,20290,234,348,
DeJ5oDWNzya,2026-10-06,31.5,3030,45,37,6 h old
Dd-FC0cNski,2026-10-01,44.3,102759,1465,1488,
DeHVYaGt274,2026-10-05,34.2,23263,495,427,
DatL3rgNUTI,2026-07-12,17.8,149296,1331,62,pinned
Dd6Qo43tAX6,2026-09-30,61.7,13833,117,172,paid partnership
DeIZ2QMNGM6,2026-10-05,35.3,9284,175,284,
DeB6QU6N4Ec,2026-10-03,32.4,608746,15552,9529,SUBJECT
